"","phylum","class","genus"
"D1","Bacteria;Proteobacteria","Bacteria;Proteobacteria;Gammaproteobacteria","Bacteria;Proteobacteria;Gammaproteobacteria;Betaproteobacteriales;Chromobacteriaceae;Pseudogulbenkiania"
"D4","Bacteria;Proteobacteria","Bacteria;Proteobacteria;Gammaproteobacteria","Bacteria;Proteobacteria;Gammaproteobacteria;Betaproteobacteriales;Chromobacteriaceae;Vogesella"
"D7","Bacteria;Proteobacteria","Bacteria;Proteobacteria;Gammaproteobacteria","Bacteria;Proteobacteria;Gammaproteobacteria;Betaproteobacteriales;Chromobacteriaceae;Vogesella"
"D9","Bacteria;Proteobacteria","Bacteria;Proteobacteria;Gammaproteobacteria","Bacteria;Proteobacteria;Gammaproteobacteria;Betaproteobacteriales;Chromobacteriaceae;NA"
"D10","Bacteria;Proteobacteria","Bacteria;Proteobacteria;Gammaproteobacteria","Bacteria;Proteobacteria;Gammaproteobacteria;Betaproteobacteriales;Burkholderiaceae;Delftia"
"D11","Bacteria;Bacteroidetes","Bacteria;Bacteroidetes;Bacteroidia","Bacteria;Bacteroidetes;Bacteroidia;Cytophagales;Spirosomaceae;Pseudarcicella"
"D12","Bacteria;Actinobacteria","Bacteria;Actinobacteria;Actinobacteria","Bacteria;Actinobacteria;Actinobacteria;Micrococcales;Microbacteriaceae;Microbacterium"
"D13","Bacteria;Proteobacteria","Bacteria;Proteobacteria;Alphaproteobacteria","Bacteria;Proteobacteria;Alphaproteobacteria;Rhizobiales;Rhizobiaceae;Allorhizobium-Neorhizobium-Pararhizobium-Rhizobium"
"D15","Bacteria;Proteobacteria","Bacteria;Proteobacteria;Gammaproteobacteria","Bacteria;Proteobacteria;Gammaproteobacteria;Betaproteobacteriales;Burkholderiaceae;Curvibacter"
"D16","Bacteria;Proteobacteria","Bacteria;Proteobacteria;Gammaproteobacteria","Bacteria;Proteobacteria;Gammaproteobacteria;Betaproteobacteriales;Burkholderiaceae;NA"
"G1","Bacteria;Bacteroidetes","Bacteria;Bacteroidetes;Bacteroidia","Bacteria;Bacteroidetes;Bacteroidia;Cytophagales;Spirosomaceae;Flectobacillus"
"G2","Bacteria;Proteobacteria","Bacteria;Proteobacteria;Gammaproteobacteria","Bacteria;Proteobacteria;Gammaproteobacteria;Betaproteobacteriales;Chromobacteriaceae;Aquitalea"
"G4","Bacteria;Proteobacteria","Bacteria;Proteobacteria;Gammaproteobacteria","Bacteria;Proteobacteria;Gammaproteobacteria;Pseudomonadales;Moraxellaceae;Acinetobacter"
"G5","Bacteria;Proteobacteria","Bacteria;Proteobacteria;Alphaproteobacteria","Bacteria;Proteobacteria;Alphaproteobacteria;Sphingomonadales;Sphingomonadaceae;Novosphingobium"
"G6","Bacteria;Proteobacteria","Bacteria;Proteobacteria;Gammaproteobacteria","Bacteria;Proteobacteria;Gammaproteobacteria;Betaproteobacteriales;Chromobacteriaceae;Aquitalea"
"G7","Bacteria;Proteobacteria","Bacteria;Proteobacteria;Gammaproteobacteria","Bacteria;Proteobacteria;Gammaproteobacteria;Pseudomonadales;Pseudomonadaceae;Pseudomonas"
"G8","Bacteria;Proteobacteria","Bacteria;Proteobacteria;Gammaproteobacteria","Bacteria;Proteobacteria;Gammaproteobacteria;Pseudomonadales;Pseudomonadaceae;Pseudomonas"
"G9","Bacteria;Proteobacteria","Bacteria;Proteobacteria;Gammaproteobacteria","Bacteria;Proteobacteria;Gammaproteobacteria;Betaproteobacteriales;Chromobacteriaceae;NA"
"G12","Bacteria;Proteobacteria","Bacteria;Proteobacteria;Gammaproteobacteria","Bacteria;Proteobacteria;Gammaproteobacteria;Betaproteobacteriales;Burkholderiaceae;Massilia"
"G18","Bacteria;Proteobacteria","Bacteria;Proteobacteria;Gammaproteobacteria","Bacteria;Proteobacteria;Gammaproteobacteria;Pseudomonadales;Moraxellaceae;Acinetobacter"
"G16","Bacteria;Bacteroidetes","Bacteria;Bacteroidetes;Bacteroidia","Bacteria;Bacteroidetes;Bacteroidia;Flavobacteriales;Flavobacteriaceae;Flavobacterium"
"G21","Bacteria;Proteobacteria","Bacteria;Proteobacteria;Gammaproteobacteria","Bacteria;Proteobacteria;Gammaproteobacteria;Betaproteobacteriales;Burkholderiaceae;NA"
"G22","Bacteria;Proteobacteria","Bacteria;Proteobacteria;Gammaproteobacteria","Bacteria;Proteobacteria;Gammaproteobacteria;Betaproteobacteriales;Burkholderiaceae;Massilia"
"G23","Bacteria;Proteobacteria","Bacteria;Proteobacteria;Gammaproteobacteria","Bacteria;Proteobacteria;Gammaproteobacteria;Betaproteobacteriales;Burkholderiaceae;NA"
"OTU1","Bacteria;Proteobacteria","Bacteria;Proteobacteria;Gammaproteobacteria","Bacteria;Proteobacteria;Gammaproteobacteria;Betaproteobacteriales;Rhodocyclaceae;Methyloversatilis"
"OTU2","Bacteria;Firmicutes","Bacteria;Firmicutes;Bacilli","Bacteria;Firmicutes;Bacilli;Lactobacillales;Leuconostocaceae;Leuconostoc"
"OTU3","Bacteria;Proteobacteria","Bacteria;Proteobacteria;Gammaproteobacteria","Bacteria;Proteobacteria;Gammaproteobacteria;Xanthomonadales;Rhodanobacteraceae;uncultured"
"OTU4","Bacteria;Proteobacteria","Bacteria;Proteobacteria;Gammaproteobacteria","Bacteria;Proteobacteria;Gammaproteobacteria;Betaproteobacteriales;Chromobacteriaceae;Vogesella"
"OTU5","Bacteria;Firmicutes","Bacteria;Firmicutes;Bacilli","Bacteria;Firmicutes;Bacilli;Bacillales;Bacillaceae;Geobacillus"
"OTU6","Bacteria;Proteobacteria","Bacteria;Proteobacteria;Alphaproteobacteria","Bacteria;Proteobacteria;Alphaproteobacteria;Rhizobiales;Rhizobiaceae;Mesorhizobium"
"OTU7","Bacteria;Acidobacteria","Bacteria;Acidobacteria;Holophagae","Bacteria;Acidobacteria;Holophagae;Holophagales;Holophagaceae;NA"
"OTU8","Bacteria;Actinobacteria","Bacteria;Actinobacteria;Actinobacteria","Bacteria;Actinobacteria;Actinobacteria;Streptomycetales;Streptomycetaceae;Kitasatospora"
"OTU9","Bacteria;Firmicutes","Bacteria;Firmicutes;Bacilli","Bacteria;Firmicutes;Bacilli;Bacillales;Paenibacillaceae;Paenibacillus"
"OTU10","Bacteria;Proteobacteria","Bacteria;Proteobacteria;Deltaproteobacteria","Bacteria;Proteobacteria;Deltaproteobacteria;Myxococcales;Archangiaceae;Anaeromyxobacter"
"OTU11","Bacteria;Proteobacteria","Bacteria;Proteobacteria;Alphaproteobacteria","Bacteria;Proteobacteria;Alphaproteobacteria;Rhizobiales;Beijerinckiaceae;Roseiarcus"
"OTU12","Bacteria;Proteobacteria","Bacteria;Proteobacteria;Gammaproteobacteria","Bacteria;Proteobacteria;Gammaproteobacteria;Betaproteobacteriales;Burkholderiaceae;Roseateles"
"OTU13","Bacteria;Proteobacteria","Bacteria;Proteobacteria;Gammaproteobacteria","Bacteria;Proteobacteria;Gammaproteobacteria;Betaproteobacteriales;Burkholderiaceae;NA"
"OTU14","Bacteria;Chloroflexi","Bacteria;Chloroflexi;Ktedonobacteria","Bacteria;Chloroflexi;Ktedonobacteria;Ktedonobacterales;Ktedonobacteraceae;1921-2"
"OTU15","Bacteria;Bacteroidetes","Bacteria;Bacteroidetes;Bacteroidia","Bacteria;Bacteroidetes;Bacteroidia;Chitinophagales;Chitinophagaceae;Flavihumibacter"
"OTU16","Bacteria;Patescibacteria","Bacteria;Patescibacteria;Saccharimonadia","Bacteria;Patescibacteria;Saccharimonadia;Saccharimonadales;NA;NA"
"OTU17","Bacteria;Proteobacteria","Bacteria;Proteobacteria;Gammaproteobacteria","Bacteria;Proteobacteria;Gammaproteobacteria;Betaproteobacteriales;Chitinimonadaceae;Chitinimonas"
"OTU18","Bacteria;Proteobacteria","Bacteria;Proteobacteria;Gammaproteobacteria","Bacteria;Proteobacteria;Gammaproteobacteria;Pseudomonadales;Pseudomonadaceae;Pseudomonas"
"OTU19","Bacteria;Proteobacteria","Bacteria;Proteobacteria;Gammaproteobacteria","Bacteria;Proteobacteria;Gammaproteobacteria;Pseudomonadales;Moraxellaceae;Acinetobacter"
"OTU20","Bacteria;Proteobacteria","Bacteria;Proteobacteria;Gammaproteobacteria","Bacteria;Proteobacteria;Gammaproteobacteria;Betaproteobacteriales;Chromobacteriaceae;Aquitalea"
"OTU21","Bacteria;Proteobacteria","Bacteria;Proteobacteria;Gammaproteobacteria","Bacteria;Proteobacteria;Gammaproteobacteria;Betaproteobacteriales;NA;NA"
"OTU22","Bacteria;Proteobacteria","Bacteria;Proteobacteria;Gammaproteobacteria","Bacteria;Proteobacteria;Gammaproteobacteria;Pseudomonadales;Moraxellaceae;Acinetobacter"
"OTU23","Bacteria;Proteobacteria","Bacteria;Proteobacteria;Deltaproteobacteria","Bacteria;Proteobacteria;Deltaproteobacteria;Bdellovibrionales;Bdellovibrionaceae;Bdellovibrio"
"OTU24","Bacteria;Proteobacteria","Bacteria;Proteobacteria;Gammaproteobacteria","Bacteria;Proteobacteria;Gammaproteobacteria;Betaproteobacteriales;NA;NA"
"OTU25","Bacteria;Proteobacteria","Bacteria;Proteobacteria;Alphaproteobacteria","Bacteria;Proteobacteria;Alphaproteobacteria;Rhizobiales;Rhizobiaceae;Allorhizobium-Neorhizobium-Pararhizobium-Rhizobium"
"OTU26","Bacteria;Patescibacteria","Bacteria;Patescibacteria;Saccharimonadia","Bacteria;Patescibacteria;Saccharimonadia;Saccharimonadales;NA;NA"
"OTU27","Bacteria;Proteobacteria","Bacteria;Proteobacteria;Gammaproteobacteria","Bacteria;Proteobacteria;Gammaproteobacteria;Betaproteobacteriales;Rhodocyclaceae;Zoogloea"
"OTU28","Bacteria;Bacteroidetes","Bacteria;Bacteroidetes;Bacteroidia","Bacteria;Bacteroidetes;Bacteroidia;Sphingobacteriales;NS11-12 marine group;NA"
"OTU29","Bacteria;Bacteroidetes","Bacteria;Bacteroidetes;Bacteroidia","Bacteria;Bacteroidetes;Bacteroidia;Chitinophagales;Chitinophagaceae;uncultured"
"OTU30","Bacteria;Proteobacteria","Bacteria;Proteobacteria;Gammaproteobacteria","Bacteria;Proteobacteria;Gammaproteobacteria;Betaproteobacteriales;Burkholderiaceae;Cupriavidus"
"OTU31","Bacteria;Firmicutes","Bacteria;Firmicutes;Bacilli","Bacteria;Firmicutes;Bacilli;Bacillales;Bacillaceae;Bacillus"
"OTU32","Bacteria;Proteobacteria","Bacteria;Proteobacteria;Alphaproteobacteria","Bacteria;Proteobacteria;Alphaproteobacteria;Rhizobiales;Rhizobiales Incertae Sedis;uncultured"
"OTU33","Bacteria;Firmicutes","Bacteria;Firmicutes;Bacilli","Bacteria;Firmicutes;Bacilli;Bacillales;Bacillaceae;Bacillus"
"OTU34","Bacteria;Proteobacteria","Bacteria;Proteobacteria;Gammaproteobacteria","Bacteria;Proteobacteria;Gammaproteobacteria;Betaproteobacteriales;Rhodocyclaceae;NA"
"OTU35","Bacteria;Proteobacteria","Bacteria;Proteobacteria;Gammaproteobacteria","Bacteria;Proteobacteria;Gammaproteobacteria;Betaproteobacteriales;Burkholderiaceae;NA"
"OTU36","Bacteria;Cyanobacteria","Bacteria;Cyanobacteria;Sericytochromatia","Bacteria;Cyanobacteria;Sericytochromatia;NA;NA;NA"
"OTU37","Bacteria;Proteobacteria","Bacteria;Proteobacteria;Gammaproteobacteria","Bacteria;Proteobacteria;Gammaproteobacteria;Betaproteobacteriales;Chromobacteriaceae;Pseudogulbenkiania"
"OTU38","Bacteria;Bacteroidetes","Bacteria;Bacteroidetes;Bacteroidia","Bacteria;Bacteroidetes;Bacteroidia;Chitinophagales;Chitinophagaceae;uncultured"
"OTU39","Bacteria;Bacteroidetes","Bacteria;Bacteroidetes;Bacteroidia","Bacteria;Bacteroidetes;Bacteroidia;Cytophagales;Spirosomaceae;Flectobacillus"
"OTU40","Bacteria;Proteobacteria","Bacteria;Proteobacteria;Gammaproteobacteria","Bacteria;Proteobacteria;Gammaproteobacteria;Betaproteobacteriales;Methylophilaceae;Methylophilus"
"OTU41","Bacteria;Actinobacteria","Bacteria;Actinobacteria;Actinobacteria","Bacteria;Actinobacteria;Actinobacteria;Micrococcales;Micrococcaceae;Arthrobacter"
"OTU42","Bacteria;Proteobacteria","Bacteria;Proteobacteria;Alphaproteobacteria","Bacteria;Proteobacteria;Alphaproteobacteria;Micropepsales;Micropepsaceae;uncultured"
"OTU43","Bacteria;Firmicutes","Bacteria;Firmicutes;Bacilli","Bacteria;Firmicutes;Bacilli;Lactobacillales;Streptococcaceae;Streptococcus"
"OTU44","Bacteria;Verrucomicrobia","Bacteria;Verrucomicrobia;Verrucomicrobiae","Bacteria;Verrucomicrobia;Verrucomicrobiae;Pedosphaerales;Pedosphaeraceae;NA"
"OTU45","Bacteria;Gemmatimonadetes","Bacteria;Gemmatimonadetes;Gemmatimonadetes","Bacteria;Gemmatimonadetes;Gemmatimonadetes;Gemmatimonadales;Gemmatimonadaceae;Gemmatimonas"
"OTU46","Bacteria;Firmicutes","Bacteria;Firmicutes;Bacilli","Bacteria;Firmicutes;Bacilli;Bacillales;Paenibacillaceae;Paenibacillus"
"OTU47","Bacteria;Bacteroidetes","Bacteria;Bacteroidetes;Bacteroidia","Bacteria;Bacteroidetes;Bacteroidia;Chitinophagales;Chitinophagaceae;Flavisolibacter"
"OTU48","Bacteria;Proteobacteria","Bacteria;Proteobacteria;Gammaproteobacteria","Bacteria;Proteobacteria;Gammaproteobacteria;Pseudomonadales;Pseudomonadaceae;Pseudomonas"
"OTU49","Bacteria;Proteobacteria","Bacteria;Proteobacteria;Gammaproteobacteria","Bacteria;Proteobacteria;Gammaproteobacteria;Pseudomonadales;Pseudomonadaceae;Pseudomonas"
"OTU50","Bacteria;Firmicutes","Bacteria;Firmicutes;Clostridia","Bacteria;Firmicutes;Clostridia;Clostridiales;Clostridiaceae 1;Clostridium sensu stricto 13"
"OTU51","Bacteria;Proteobacteria","Bacteria;Proteobacteria;Gammaproteobacteria","Bacteria;Proteobacteria;Gammaproteobacteria;Betaproteobacteriales;Burkholderiaceae;NA"
"OTU52","Bacteria;Acidobacteria","Bacteria;Acidobacteria;Holophagae","Bacteria;Acidobacteria;Holophagae;Holophagales;Holophagaceae;NA"
"OTU53","Bacteria;Bacteroidetes","Bacteria;Bacteroidetes;Bacteroidia","Bacteria;Bacteroidetes;Bacteroidia;Sphingobacteriales;env.OPS 17;NA"
"OTU54","Bacteria;Proteobacteria","Bacteria;Proteobacteria;Deltaproteobacteria","Bacteria;Proteobacteria;Deltaproteobacteria;Bdellovibrionales;Bdellovibrionaceae;Bdellovibrio"
"OTU55","Bacteria;Firmicutes","Bacteria;Firmicutes;Clostridia","Bacteria;Firmicutes;Clostridia;Clostridiales;Clostridiaceae 1;Clostridium sensu stricto 1"
"OTU56","Bacteria;Chlamydiae","Bacteria;Chlamydiae;Chlamydiae","Bacteria;Chlamydiae;Chlamydiae;Chlamydiales;Parachlamydiaceae;NA"
"OTU57","Bacteria;Proteobacteria","Bacteria;Proteobacteria;Alphaproteobacteria","Bacteria;Proteobacteria;Alphaproteobacteria;Sphingomonadales;Sphingomonadaceae;Sphingomonas"
"OTU58","Bacteria;Proteobacteria","Bacteria;Proteobacteria;Gammaproteobacteria","Bacteria;Proteobacteria;Gammaproteobacteria;Cellvibrionales;Cellvibrionaceae;Cellvibrio"
"OTU59","Bacteria;Proteobacteria","Bacteria;Proteobacteria;Gammaproteobacteria","Bacteria;Proteobacteria;Gammaproteobacteria;Salinisphaerales;Solimonadaceae;Nevskia"
"OTU60","Bacteria;Fusobacteria","Bacteria;Fusobacteria;Fusobacteriia","Bacteria;Fusobacteria;Fusobacteriia;Fusobacteriales;Fusobacteriaceae;Fusobacterium"
"OTU61","Bacteria;Proteobacteria","Bacteria;Proteobacteria;Alphaproteobacteria","Bacteria;Proteobacteria;Alphaproteobacteria;Acetobacterales;Acetobacteraceae;Rhodovastum"
"OTU62","Bacteria;Bacteroidetes","Bacteria;Bacteroidetes;Bacteroidia","Bacteria;Bacteroidetes;Bacteroidia;Cytophagales;Microscillaceae;uncultured"
"OTU63","Bacteria;Proteobacteria","Bacteria;Proteobacteria;Gammaproteobacteria","Bacteria;Proteobacteria;Gammaproteobacteria;Betaproteobacteriales;Methylophilaceae;NA"
"OTU64","Bacteria;Proteobacteria","Bacteria;Proteobacteria;Alphaproteobacteria","Bacteria;Proteobacteria;Alphaproteobacteria;Rhizobiales;NA;NA"
"OTU65","Bacteria;Proteobacteria","Bacteria;Proteobacteria;Gammaproteobacteria","Bacteria;Proteobacteria;Gammaproteobacteria;Betaproteobacteriales;Burkholderiaceae;Acidovorax"
"OTU66","Unclassified;NA","Unclassified;NA;NA","Unclassified;NA;NA;NA;NA;NA"
"OTU67","Bacteria;Proteobacteria","Bacteria;Proteobacteria;Alphaproteobacteria","Bacteria;Proteobacteria;Alphaproteobacteria;Rhizobiales;Rhizobiaceae;Allorhizobium-Neorhizobium-Pararhizobium-Rhizobium"
"OTU68","Bacteria;Firmicutes","Bacteria;Firmicutes;Bacilli","Bacteria;Firmicutes;Bacilli;Lactobacillales;Streptococcaceae;Streptococcus"
"OTU69","Bacteria;Proteobacteria","Bacteria;Proteobacteria;Gammaproteobacteria","Bacteria;Proteobacteria;Gammaproteobacteria;Betaproteobacteriales;Methylophilaceae;NA"
"OTU70","Bacteria;Firmicutes","Bacteria;Firmicutes;Negativicutes","Bacteria;Firmicutes;Negativicutes;Selenomonadales;Veillonellaceae;Megamonas"
"OTU71","Bacteria;Patescibacteria","Bacteria;Patescibacteria;Saccharimonadia","Bacteria;Patescibacteria;Saccharimonadia;Saccharimonadales;NA;NA"
"OTU72","Bacteria;Proteobacteria","Bacteria;Proteobacteria;Gammaproteobacteria","Bacteria;Proteobacteria;Gammaproteobacteria;Betaproteobacteriales;Burkholderiaceae;NA"
"OTU73","Bacteria;Firmicutes","Bacteria;Firmicutes;Bacilli","Bacteria;Firmicutes;Bacilli;Bacillales;Paenibacillaceae;Paenibacillus"
"OTU74","Bacteria;Proteobacteria","Bacteria;Proteobacteria;Gammaproteobacteria","Bacteria;Proteobacteria;Gammaproteobacteria;Betaproteobacteriales;Burkholderiaceae;NA"
"OTU75","Bacteria;Firmicutes","Bacteria;Firmicutes;Clostridia","Bacteria;Firmicutes;Clostridia;Clostridiales;Peptostreptococcaceae;NA"
"OTU76","Bacteria;Bacteroidetes","Bacteria;Bacteroidetes;Bacteroidia","Bacteria;Bacteroidetes;Bacteroidia;Sphingobacteriales;env.OPS 17;NA"
"OTU77","Bacteria;Proteobacteria","Bacteria;Proteobacteria;Deltaproteobacteria","Bacteria;Proteobacteria;Deltaproteobacteria;Bdellovibrionales;Bdellovibrionaceae;Bdellovibrio"
"OTU78","Bacteria;Proteobacteria","Bacteria;Proteobacteria;Alphaproteobacteria","Bacteria;Proteobacteria;Alphaproteobacteria;Rhizobiales;Rhizobiaceae;Allorhizobium-Neorhizobium-Pararhizobium-Rhizobium"
"OTU79","Bacteria;Proteobacteria","Bacteria;Proteobacteria;Alphaproteobacteria","Bacteria;Proteobacteria;Alphaproteobacteria;Caulobacterales;Caulobacteraceae;Caulobacter"
"OTU80","Bacteria;Firmicutes","Bacteria;Firmicutes;Clostridia","Bacteria;Firmicutes;Clostridia;Clostridiales;Lachnospiraceae;NA"
"OTU81","Bacteria;Proteobacteria","Bacteria;Proteobacteria;Alphaproteobacteria","Bacteria;Proteobacteria;Alphaproteobacteria;Rhizobiales;Beijerinckiaceae;Rhodoblastus"
"OTU82","Bacteria;Bacteroidetes","Bacteria;Bacteroidetes;Bacteroidia","Bacteria;Bacteroidetes;Bacteroidia;Flavobacteriales;Flavobacteriaceae;Flavobacterium"
"OTU83","Bacteria;Bacteroidetes","Bacteria;Bacteroidetes;Bacteroidia","Bacteria;Bacteroidetes;Bacteroidia;Cytophagales;Microscillaceae;uncultured"
"OTU84","Bacteria;Proteobacteria","Bacteria;Proteobacteria;Gammaproteobacteria","Bacteria;Proteobacteria;Gammaproteobacteria;Betaproteobacteriales;Burkholderiaceae;NA"
"OTU85","Bacteria;Proteobacteria","Bacteria;Proteobacteria;Gammaproteobacteria","Bacteria;Proteobacteria;Gammaproteobacteria;Betaproteobacteriales;Rhodocyclaceae;Dechloromonas"
"OTU86","Bacteria;Firmicutes","Bacteria;Firmicutes;Bacilli","Bacteria;Firmicutes;Bacilli;Bacillales;Paenibacillaceae;Paenibacillus"
"OTU87","Bacteria;Proteobacteria","Bacteria;Proteobacteria;Alphaproteobacteria","Bacteria;Proteobacteria;Alphaproteobacteria;Rhizobiales;Rhizobiaceae;NA"
"OTU88","Bacteria;Proteobacteria","Bacteria;Proteobacteria;Deltaproteobacteria","Bacteria;Proteobacteria;Deltaproteobacteria;SAR324 clade(Marine group B);NA;NA"
"OTU89","Bacteria;Proteobacteria","Bacteria;Proteobacteria;Gammaproteobacteria","Bacteria;Proteobacteria;Gammaproteobacteria;Betaproteobacteriales;NA;NA"
"OTU90","Bacteria;Gemmatimonadetes","Bacteria;Gemmatimonadetes;Gemmatimonadetes","Bacteria;Gemmatimonadetes;Gemmatimonadetes;Gemmatimonadales;Gemmatimonadaceae;Gemmatimonas"
"OTU91","Bacteria;Proteobacteria","Bacteria;Proteobacteria;Gammaproteobacteria","Bacteria;Proteobacteria;Gammaproteobacteria;Pseudomonadales;Pseudomonadaceae;NA"
"OTU92","Bacteria;Proteobacteria","Bacteria;Proteobacteria;Deltaproteobacteria","Bacteria;Proteobacteria;Deltaproteobacteria;Myxococcales;Polyangiaceae;Pajaroellobacter"
"OTU93","Bacteria;Firmicutes","Bacteria;Firmicutes;Clostridia","Bacteria;Firmicutes;Clostridia;Clostridiales;Clostridiaceae 2;Alkaliphilus"
"OTU94","Bacteria;Bacteroidetes","Bacteria;Bacteroidetes;Bacteroidia","Bacteria;Bacteroidetes;Bacteroidia;Flavobacteriales;Flavobacteriaceae;Flavobacterium"
"OTU95","Bacteria;Cyanobacteria","Bacteria;Cyanobacteria;Sericytochromatia","Bacteria;Cyanobacteria;Sericytochromatia;NA;NA;NA"
"OTU96","Bacteria;Proteobacteria","Bacteria;Proteobacteria;Gammaproteobacteria","Bacteria;Proteobacteria;Gammaproteobacteria;Betaproteobacteriales;Burkholderiaceae;Hydrogenophaga"
"OTU97","Bacteria;Proteobacteria","Bacteria;Proteobacteria;Alphaproteobacteria","Bacteria;Proteobacteria;Alphaproteobacteria;Rhizobiales;Hyphomicrobiaceae;Hyphomicrobium"
"OTU98","Bacteria;Proteobacteria","Bacteria;Proteobacteria;Gammaproteobacteria","Bacteria;Proteobacteria;Gammaproteobacteria;Enterobacteriales;Enterobacteriaceae;Pantoea"
"OTU99","Bacteria;Bacteroidetes","Bacteria;Bacteroidetes;Bacteroidia","Bacteria;Bacteroidetes;Bacteroidia;Chitinophagales;37-13;NA"
"OTU100","Bacteria;Proteobacteria","Bacteria;Proteobacteria;Gammaproteobacteria","Bacteria;Proteobacteria;Gammaproteobacteria;Betaproteobacteriales;Burkholderiaceae;uncultured"
"OTU101","Bacteria;Proteobacteria","Bacteria;Proteobacteria;Gammaproteobacteria","Bacteria;Proteobacteria;Gammaproteobacteria;Betaproteobacteriales;Chromobacteriaceae;Vogesella"
"OTU102","Bacteria;Proteobacteria","Bacteria;Proteobacteria;Gammaproteobacteria","Bacteria;Proteobacteria;Gammaproteobacteria;Betaproteobacteriales;Burkholderiaceae;Pseudacidovorax"
"OTU103","Bacteria;Proteobacteria","Bacteria;Proteobacteria;Gammaproteobacteria","Bacteria;Proteobacteria;Gammaproteobacteria;Betaproteobacteriales;NA;NA"
"OTU104","Bacteria;Proteobacteria","Bacteria;Proteobacteria;Alphaproteobacteria","Bacteria;Proteobacteria;Alphaproteobacteria;Rhizobiales;Xanthobacteraceae;Rhodopseudomonas"
"OTU105","Bacteria;Bacteroidetes","Bacteria;Bacteroidetes;Bacteroidia","Bacteria;Bacteroidetes;Bacteroidia;Chitinophagales;Chitinophagaceae;Sediminibacterium"
"OTU106","Bacteria;Proteobacteria","Bacteria;Proteobacteria;Alphaproteobacteria","Bacteria;Proteobacteria;Alphaproteobacteria;Caulobacterales;Caulobacteraceae;Caulobacter"
"OTU107","Bacteria;Proteobacteria","Bacteria;Proteobacteria;Gammaproteobacteria","Bacteria;Proteobacteria;Gammaproteobacteria;Betaproteobacteriales;Burkholderiaceae;Duganella"
"OTU108","Bacteria;Verrucomicrobia","Bacteria;Verrucomicrobia;Verrucomicrobiae","Bacteria;Verrucomicrobia;Verrucomicrobiae;Verrucomicrobiales;Verrucomicrobiaceae;Prosthecobacter"
"OTU109","Bacteria;Bacteroidetes","Bacteria;Bacteroidetes;Bacteroidia","Bacteria;Bacteroidetes;Bacteroidia;Bacteroidales;Muribaculaceae;NA"
"OTU110","Bacteria;Proteobacteria","Bacteria;Proteobacteria;Alphaproteobacteria","Bacteria;Proteobacteria;Alphaproteobacteria;Sphingomonadales;Sphingomonadaceae;Sphingomonas"
"OTU111","Bacteria;Proteobacteria","Bacteria;Proteobacteria;Alphaproteobacteria","Bacteria;Proteobacteria;Alphaproteobacteria;Rhizobiales;Rhizobiales Incertae Sedis;uncultured"
"OTU112","Bacteria;Proteobacteria","Bacteria;Proteobacteria;Alphaproteobacteria","Bacteria;Proteobacteria;Alphaproteobacteria;Rhizobiales;Rhizobiaceae;NA"
"OTU113","Bacteria;Firmicutes","Bacteria;Firmicutes;Clostridia","Bacteria;Firmicutes;Clostridia;Clostridiales;Clostridiaceae 1;Clostridium sensu stricto 18"
"OTU114","Bacteria;Proteobacteria","Bacteria;Proteobacteria;Gammaproteobacteria","Bacteria;Proteobacteria;Gammaproteobacteria;Betaproteobacteriales;Burkholderiaceae;Ralstonia"
"OTU115","Bacteria;Proteobacteria","Bacteria;Proteobacteria;Gammaproteobacteria","Bacteria;Proteobacteria;Gammaproteobacteria;Betaproteobacteriales;Methylophilaceae;Methylovorus"
"OTU116","Bacteria;Chloroflexi","Bacteria;Chloroflexi;Anaerolineae","Bacteria;Chloroflexi;Anaerolineae;SBR1031;NA;NA"
"OTU117","Bacteria;Proteobacteria","Bacteria;Proteobacteria;Alphaproteobacteria","Bacteria;Proteobacteria;Alphaproteobacteria;Sphingomonadales;Sphingomonadaceae;Novosphingobium"
"OTU118","Bacteria;Firmicutes","Bacteria;Firmicutes;Bacilli","Bacteria;Firmicutes;Bacilli;Bacillales;Bacillaceae;Anoxybacillus"
"OTU119","Bacteria;Proteobacteria","Bacteria;Proteobacteria;Gammaproteobacteria","Bacteria;Proteobacteria;Gammaproteobacteria;Betaproteobacteriales;Rhodocyclaceae;NA"
"OTU120","Bacteria;Proteobacteria","Bacteria;Proteobacteria;Gammaproteobacteria","Bacteria;Proteobacteria;Gammaproteobacteria;Ga0077536;NA;NA"
"OTU121","Bacteria;Firmicutes","Bacteria;Firmicutes;Bacilli","Bacteria;Firmicutes;Bacilli;Lactobacillales;Streptococcaceae;Streptococcus"
"OTU122","Bacteria;Firmicutes","Bacteria;Firmicutes;Clostridia","Bacteria;Firmicutes;Clostridia;Clostridiales;Family XI;Helcococcus"
"OTU123","Bacteria;Firmicutes","Bacteria;Firmicutes;Bacilli","Bacteria;Firmicutes;Bacilli;Lactobacillales;Lactobacillaceae;Lactobacillus"
"OTU124","Bacteria;Proteobacteria","Bacteria;Proteobacteria;Alphaproteobacteria","Bacteria;Proteobacteria;Alphaproteobacteria;Caulobacterales;Caulobacteraceae;Asticcacaulis"
"OTU125","Bacteria;Proteobacteria","Bacteria;Proteobacteria;Gammaproteobacteria","Bacteria;Proteobacteria;Gammaproteobacteria;Pseudomonadales;Moraxellaceae;Acinetobacter"
"OTU126","Bacteria;Bacteroidetes","Bacteria;Bacteroidetes;Bacteroidia","Bacteria;Bacteroidetes;Bacteroidia;Bacteroidales;Porphyromonadaceae;Porphyromonas"
"OTU127","Bacteria;Proteobacteria","Bacteria;Proteobacteria;Gammaproteobacteria","Bacteria;Proteobacteria;Gammaproteobacteria;Betaproteobacteriales;Methylophilaceae;NA"
"OTU128","Bacteria;Bacteroidetes","Bacteria;Bacteroidetes;Bacteroidia","Bacteria;Bacteroidetes;Bacteroidia;Flavobacteriales;Crocinitomicaceae;Fluviicola"
"OTU129","Bacteria;Acidobacteria","Bacteria;Acidobacteria;Acidobacteriia","Bacteria;Acidobacteria;Acidobacteriia;Solibacterales;Solibacteraceae (Subgroup 3);Paludibaculum"
"OTU130","Bacteria;Proteobacteria","Bacteria;Proteobacteria;Alphaproteobacteria","Bacteria;Proteobacteria;Alphaproteobacteria;Acetobacterales;Acetobacteraceae;Roseomonas"
"OTU131","Bacteria;Proteobacteria","Bacteria;Proteobacteria;Gammaproteobacteria","Bacteria;Proteobacteria;Gammaproteobacteria;Salinisphaerales;Solimonadaceae;Nevskia"
"OTU132","Bacteria;Proteobacteria","Bacteria;Proteobacteria;Alphaproteobacteria","Bacteria;Proteobacteria;Alphaproteobacteria;Rhizobiales;Beijerinckiaceae;Methylobacterium"
"OTU133","Unclassified;NA","Unclassified;NA;NA","Unclassified;NA;NA;NA;NA;NA"
"OTU134","Bacteria;Bacteroidetes","Bacteria;Bacteroidetes;Bacteroidia","Bacteria;Bacteroidetes;Bacteroidia;Sphingobacteriales;NS11-12 marine group;NA"
"OTU135","Bacteria;Bacteroidetes","Bacteria;Bacteroidetes;Bacteroidia","Bacteria;Bacteroidetes;Bacteroidia;Chitinophagales;Chitinophagaceae;uncultured"
"OTU136","Unclassified;NA","Unclassified;NA;NA","Unclassified;NA;NA;NA;NA;NA"
"OTU137","Bacteria;Proteobacteria","Bacteria;Proteobacteria;Deltaproteobacteria","Bacteria;Proteobacteria;Deltaproteobacteria;Bdellovibrionales;Bdellovibrionaceae;Bdellovibrio"
"OTU138","Bacteria;Bacteroidetes","Bacteria;Bacteroidetes;Bacteroidia","Bacteria;Bacteroidetes;Bacteroidia;Flavobacteriales;Flavobacteriaceae;Flavobacterium"
"OTU139","Bacteria;Proteobacteria","Bacteria;Proteobacteria;Gammaproteobacteria","Bacteria;Proteobacteria;Gammaproteobacteria;Betaproteobacteriales;Chromobacteriaceae;Pseudogulbenkiania"
"OTU140","Bacteria;Verrucomicrobia","Bacteria;Verrucomicrobia;Verrucomicrobiae","Bacteria;Verrucomicrobia;Verrucomicrobiae;Verrucomicrobiales;Verrucomicrobiaceae;NA"
"OTU141","Bacteria;Proteobacteria","Bacteria;Proteobacteria;Alphaproteobacteria","Bacteria;Proteobacteria;Alphaproteobacteria;NA;NA;NA"
"OTU142","Bacteria;Actinobacteria","Bacteria;Actinobacteria;Actinobacteria","Bacteria;Actinobacteria;Actinobacteria;Micrococcales;Micrococcaceae;NA"
"OTU143","Bacteria;Bacteroidetes","Bacteria;Bacteroidetes;Bacteroidia","Bacteria;Bacteroidetes;Bacteroidia;Cytophagales;Spirosomaceae;Emticicia"
"OTU144","Bacteria;Firmicutes","Bacteria;Firmicutes;Clostridia","Bacteria;Firmicutes;Clostridia;Clostridiales;Clostridiaceae 1;Clostridium sensu stricto 10"
"OTU145","Bacteria;Bacteroidetes","Bacteria;Bacteroidetes;Bacteroidia","Bacteria;Bacteroidetes;Bacteroidia;Flavobacteriales;Flavobacteriaceae;Flavobacterium"
"OTU146","Bacteria;Proteobacteria","Bacteria;Proteobacteria;Alphaproteobacteria","Bacteria;Proteobacteria;Alphaproteobacteria;Sphingomonadales;Sphingomonadaceae;Novosphingobium"
"OTU147","Bacteria;Bacteroidetes","Bacteria;Bacteroidetes;Bacteroidia","Bacteria;Bacteroidetes;Bacteroidia;Cytophagales;Spirosomaceae;Pseudarcicella"
"OTU148","Bacteria;Proteobacteria","Bacteria;Proteobacteria;Gammaproteobacteria","Bacteria;Proteobacteria;Gammaproteobacteria;Betaproteobacteriales;Burkholderiaceae;NA"
"OTU149","Bacteria;Firmicutes","Bacteria;Firmicutes;Bacilli","Bacteria;Firmicutes;Bacilli;Lactobacillales;Enterococcaceae;Enterococcus"
"OTU150","Bacteria;Proteobacteria","Bacteria;Proteobacteria;Gammaproteobacteria","Bacteria;Proteobacteria;Gammaproteobacteria;Betaproteobacteriales;Chromobacteriaceae;NA"
"OTU151","Bacteria;Proteobacteria","Bacteria;Proteobacteria;Gammaproteobacteria","Bacteria;Proteobacteria;Gammaproteobacteria;Betaproteobacteriales;Burkholderiaceae;Undibacterium"
"OTU152","Bacteria;Bacteroidetes","Bacteria;Bacteroidetes;Bacteroidia","Bacteria;Bacteroidetes;Bacteroidia;Cytophagales;Amoebophilaceae;uncultured"
"OTU153","Bacteria;Proteobacteria","Bacteria;Proteobacteria;Gammaproteobacteria","Bacteria;Proteobacteria;Gammaproteobacteria;Betaproteobacteriales;Methylophilaceae;NA"
"OTU154","Bacteria;Proteobacteria","Bacteria;Proteobacteria;Alphaproteobacteria","Bacteria;Proteobacteria;Alphaproteobacteria;Micavibrionales;uncultured;NA"
"OTU155","Bacteria;Firmicutes","Bacteria;Firmicutes;Bacilli","Bacteria;Firmicutes;Bacilli;Lactobacillales;Lactobacillaceae;Lactobacillus"
"OTU156","Bacteria;Proteobacteria","Bacteria;Proteobacteria;Gammaproteobacteria","Bacteria;Proteobacteria;Gammaproteobacteria;Betaproteobacteriales;Burkholderiaceae;Massilia"
"OTU157","Bacteria;Proteobacteria","Bacteria;Proteobacteria;Deltaproteobacteria","Bacteria;Proteobacteria;Deltaproteobacteria;Bdellovibrionales;Bdellovibrionaceae;Bdellovibrio"
"OTU158","Bacteria;Proteobacteria","Bacteria;Proteobacteria;Gammaproteobacteria","Bacteria;Proteobacteria;Gammaproteobacteria;Betaproteobacteriales;Burkholderiaceae;Burkholderia-Caballeronia-Paraburkholderia"
"OTU159","Bacteria;Proteobacteria","Bacteria;Proteobacteria;Deltaproteobacteria","Bacteria;Proteobacteria;Deltaproteobacteria;Bdellovibrionales;Bdellovibrionaceae;Bdellovibrio"
"OTU160","Bacteria;Firmicutes","Bacteria;Firmicutes;Bacilli","Bacteria;Firmicutes;Bacilli;Lactobacillales;Streptococcaceae;Lactococcus"
"OTU161","Bacteria;Proteobacteria","Bacteria;Proteobacteria;Gammaproteobacteria","Bacteria;Proteobacteria;Gammaproteobacteria;Betaproteobacteriales;Burkholderiaceae;AAP99"
"OTU162","Bacteria;Proteobacteria","Bacteria;Proteobacteria;Gammaproteobacteria","Bacteria;Proteobacteria;Gammaproteobacteria;Pseudomonadales;Moraxellaceae;Enhydrobacter"
"OTU163","Unclassified;NA","Unclassified;NA;NA","Unclassified;NA;NA;NA;NA;NA"
"OTU164","Bacteria;Patescibacteria","Bacteria;Patescibacteria;Saccharimonadia","Bacteria;Patescibacteria;Saccharimonadia;Saccharimonadales;NA;NA"
"OTU165","Bacteria;Bacteroidetes","Bacteria;Bacteroidetes;Bacteroidia","Bacteria;Bacteroidetes;Bacteroidia;Cytophagales;Spirosomaceae;Arsenicibacter"
"OTU166","Bacteria;Proteobacteria","Bacteria;Proteobacteria;Gammaproteobacteria","Bacteria;Proteobacteria;Gammaproteobacteria;Betaproteobacteriales;Burkholderiaceae;Variovorax"
"OTU167","Bacteria;Proteobacteria","Bacteria;Proteobacteria;Gammaproteobacteria","Bacteria;Proteobacteria;Gammaproteobacteria;Betaproteobacteriales;Burkholderiaceae;Ideonella"
"OTU168","Bacteria;Acidobacteria","Bacteria;Acidobacteria;Acidobacteriia","Bacteria;Acidobacteria;Acidobacteriia;Solibacterales;Solibacteraceae (Subgroup 3);NA"
"OTU169","Bacteria;Proteobacteria","Bacteria;Proteobacteria;Alphaproteobacteria","Bacteria;Proteobacteria;Alphaproteobacteria;Sphingomonadales;Sphingomonadaceae;Novosphingobium"
"OTU170","Bacteria;Proteobacteria","Bacteria;Proteobacteria;Alphaproteobacteria","Bacteria;Proteobacteria;Alphaproteobacteria;Rhizobiales;Beijerinckiaceae;Methylobacterium"
"OTU171","Bacteria;Firmicutes","Bacteria;Firmicutes;Bacilli","Bacteria;Firmicutes;Bacilli;Bacillales;Paenibacillaceae;Paenibacillus"
"OTU172","Bacteria;Proteobacteria","Bacteria;Proteobacteria;Alphaproteobacteria","Bacteria;Proteobacteria;Alphaproteobacteria;Sphingomonadales;Sphingomonadaceae;Novosphingobium"
"OTU173","Bacteria;Proteobacteria","Bacteria;Proteobacteria;Deltaproteobacteria","Bacteria;Proteobacteria;Deltaproteobacteria;Myxococcales;Archangiaceae;Anaeromyxobacter"
"OTU174","Bacteria;Proteobacteria","Bacteria;Proteobacteria;Gammaproteobacteria","Bacteria;Proteobacteria;Gammaproteobacteria;Betaproteobacteriales;Burkholderiaceae;Burkholderia-Caballeronia-Paraburkholderia"
"OTU175","Bacteria;Firmicutes","Bacteria;Firmicutes;Bacilli","Bacteria;Firmicutes;Bacilli;Lactobacillales;Leuconostocaceae;Leuconostoc"
"OTU176","Bacteria;Proteobacteria","Bacteria;Proteobacteria;Alphaproteobacteria","Bacteria;Proteobacteria;Alphaproteobacteria;Caulobacterales;Caulobacteraceae;Phenylobacterium"
"OTU177","Bacteria;Proteobacteria","Bacteria;Proteobacteria;Alphaproteobacteria","Bacteria;Proteobacteria;Alphaproteobacteria;Rhizobiales;Xanthobacteraceae;Xanthobacter"
"OTU178","Bacteria;Proteobacteria","Bacteria;Proteobacteria;Deltaproteobacteria","Bacteria;Proteobacteria;Deltaproteobacteria;Oligoflexales;Oligoflexaceae;uncultured"
"OTU179","Bacteria;Firmicutes","Bacteria;Firmicutes;Clostridia","Bacteria;Firmicutes;Clostridia;Clostridiales;Clostridiaceae 1;Clostridium sensu stricto 1"
"OTU180","Bacteria;Proteobacteria","Bacteria;Proteobacteria;Gammaproteobacteria","Bacteria;Proteobacteria;Gammaproteobacteria;Betaproteobacteriales;Burkholderiaceae;NA"
"OTU181","Bacteria;Firmicutes","Bacteria;Firmicutes;Bacilli","Bacteria;Firmicutes;Bacilli;Bacillales;Paenibacillaceae;Paenibacillus"
"OTU182","Bacteria;Proteobacteria","Bacteria;Proteobacteria;Deltaproteobacteria","Bacteria;Proteobacteria;Deltaproteobacteria;Bdellovibrionales;Bdellovibrionaceae;Bdellovibrio"
"OTU183","Bacteria;Proteobacteria","Bacteria;Proteobacteria;Alphaproteobacteria","Bacteria;Proteobacteria;Alphaproteobacteria;Azospirillales;Azospirillaceae;Azospirillum"
"OTU184","Bacteria;Proteobacteria","Bacteria;Proteobacteria;Gammaproteobacteria","Bacteria;Proteobacteria;Gammaproteobacteria;Betaproteobacteriales;Burkholderiaceae;Comamonas"
"OTU185","Bacteria;Proteobacteria","Bacteria;Proteobacteria;Alphaproteobacteria","Bacteria;Proteobacteria;Alphaproteobacteria;Rhizobiales;Pleomorphomonadaceae;NA"
"OTU186","Bacteria;Bacteroidetes","Bacteria;Bacteroidetes;Bacteroidia","Bacteria;Bacteroidetes;Bacteroidia;Flavobacteriales;Flavobacteriaceae;Flavobacterium"
"OTU187","Bacteria;Bacteroidetes","Bacteria;Bacteroidetes;Bacteroidia","Bacteria;Bacteroidetes;Bacteroidia;Bacteroidales;Prevotellaceae;Prevotella 9"
"OTU188","Bacteria;Proteobacteria","Bacteria;Proteobacteria;Alphaproteobacteria","Bacteria;Proteobacteria;Alphaproteobacteria;Caulobacterales;Caulobacteraceae;uncultured"
"OTU189","Bacteria;Proteobacteria","Bacteria;Proteobacteria;Gammaproteobacteria","Bacteria;Proteobacteria;Gammaproteobacteria;Betaproteobacteriales;Burkholderiaceae;Cupriavidus"
"OTU190","Bacteria;Firmicutes","Bacteria;Firmicutes;Bacilli","Bacteria;Firmicutes;Bacilli;Bacillales;Bacillaceae;Bacillus"
"OTU191","Unclassified;NA","Unclassified;NA;NA","Unclassified;NA;NA;NA;NA;NA"
"OTU192","Bacteria;Proteobacteria","Bacteria;Proteobacteria;Alphaproteobacteria","Bacteria;Proteobacteria;Alphaproteobacteria;Micropepsales;Micropepsaceae;uncultured"
"OTU193","Bacteria;Firmicutes","Bacteria;Firmicutes;Bacilli","Bacteria;Firmicutes;Bacilli;Lactobacillales;Lactobacillaceae;Lactobacillus"
"OTU194","Bacteria;Gemmatimonadetes","Bacteria;Gemmatimonadetes;Gemmatimonadetes","Bacteria;Gemmatimonadetes;Gemmatimonadetes;Gemmatimonadales;Gemmatimonadaceae;uncultured"
"OTU195","Bacteria;Bacteroidetes","Bacteria;Bacteroidetes;Bacteroidia","Bacteria;Bacteroidetes;Bacteroidia;Bacteroidales;Bacteroidaceae;Bacteroides"
"OTU196","Bacteria;Firmicutes","Bacteria;Firmicutes;Bacilli","Bacteria;Firmicutes;Bacilli;Bacillales;Bacillaceae;Bacillus"
"OTU197","Bacteria;Verrucomicrobia","Bacteria;Verrucomicrobia;Verrucomicrobiae","Bacteria;Verrucomicrobia;Verrucomicrobiae;Verrucomicrobiales;Verrucomicrobiaceae;Prosthecobacter"
"OTU198","Bacteria;Bacteroidetes","Bacteria;Bacteroidetes;Bacteroidia","Bacteria;Bacteroidetes;Bacteroidia;Sphingobacteriales;KD3-93;NA"
"OTU199","Bacteria;Firmicutes","Bacteria;Firmicutes;Clostridia","Bacteria;Firmicutes;Clostridia;Clostridiales;Ruminococcaceae;Faecalibacterium"
"OTU200","Bacteria;Firmicutes","Bacteria;Firmicutes;Bacilli","Bacteria;Firmicutes;Bacilli;Bacillales;Paenibacillaceae;Paenibacillus"
"OTU201","Bacteria;Acidobacteria","Bacteria;Acidobacteria;Holophagae","Bacteria;Acidobacteria;Holophagae;Holophagales;Holophagaceae;NA"
"OTU202","Bacteria;Proteobacteria","Bacteria;Proteobacteria;Gammaproteobacteria","Bacteria;Proteobacteria;Gammaproteobacteria;Xanthomonadales;Rhodanobacteraceae;Dyella"
"OTU203","Bacteria;Proteobacteria","Bacteria;Proteobacteria;Deltaproteobacteria","Bacteria;Proteobacteria;Deltaproteobacteria;Oligoflexales;0319-6G20;NA"
"OTU204","Bacteria;Proteobacteria","Bacteria;Proteobacteria;Gammaproteobacteria","Bacteria;Proteobacteria;Gammaproteobacteria;Xanthomonadales;Xanthomonadaceae;Stenotrophomonas"
"OTU205","Bacteria;Firmicutes","Bacteria;Firmicutes;Bacilli","Bacteria;Firmicutes;Bacilli;Lactobacillales;Streptococcaceae;Lactococcus"
"OTU206","Bacteria;Firmicutes","Bacteria;Firmicutes;Bacilli","Bacteria;Firmicutes;Bacilli;Bacillales;Bacillaceae;Oceanobacillus"
"OTU207","Bacteria;Proteobacteria","Bacteria;Proteobacteria;Gammaproteobacteria","Bacteria;Proteobacteria;Gammaproteobacteria;Betaproteobacteriales;Burkholderiaceae;Massilia"
"OTU208","Bacteria;Firmicutes","Bacteria;Firmicutes;Bacilli","Bacteria;Firmicutes;Bacilli;Bacillales;Listeriaceae;Brochothrix"
"OTU209","Bacteria;Proteobacteria","Bacteria;Proteobacteria;Alphaproteobacteria","Bacteria;Proteobacteria;Alphaproteobacteria;Rhizobiales;Beijerinckiaceae;Bosea"
"OTU210","Unclassified;NA","Unclassified;NA;NA","Unclassified;NA;NA;NA;NA;NA"
"OTU211","Bacteria;Proteobacteria","Bacteria;Proteobacteria;Gammaproteobacteria","Bacteria;Proteobacteria;Gammaproteobacteria;Cellvibrionales;Cellvibrionaceae;Cellvibrio"
"OTU212","Bacteria;Proteobacteria","Bacteria;Proteobacteria;Gammaproteobacteria","Bacteria;Proteobacteria;Gammaproteobacteria;Betaproteobacteriales;Burkholderiaceae;Aquabacterium"
"OTU213","Bacteria;Proteobacteria","Bacteria;Proteobacteria;Gammaproteobacteria","Bacteria;Proteobacteria;Gammaproteobacteria;Betaproteobacteriales;Chromobacteriaceae;Pseudogulbenkiania"
"OTU214","Bacteria;Firmicutes","Bacteria;Firmicutes;Bacilli","Bacteria;Firmicutes;Bacilli;Lactobacillales;Carnobacteriaceae;Carnobacterium"
"OTU215","Bacteria;Bacteroidetes","Bacteria;Bacteroidetes;Bacteroidia","Bacteria;Bacteroidetes;Bacteroidia;Flavobacteriales;Flavobacteriaceae;Flavobacterium"
"OTU216","Bacteria;Proteobacteria","Bacteria;Proteobacteria;Alphaproteobacteria","Bacteria;Proteobacteria;Alphaproteobacteria;Rhizobiales;Devosiaceae;Devosia"
"OTU217","Bacteria;Proteobacteria","Bacteria;Proteobacteria;Gammaproteobacteria","Bacteria;Proteobacteria;Gammaproteobacteria;Pseudomonadales;Pseudomonadaceae;Pseudomonas"
"OTU218","Bacteria;Bacteroidetes","Bacteria;Bacteroidetes;Bacteroidia","Bacteria;Bacteroidetes;Bacteroidia;Sphingobacteriales;env.OPS 17;NA"
"OTU219","Bacteria;Proteobacteria","Bacteria;Proteobacteria;Gammaproteobacteria","Bacteria;Proteobacteria;Gammaproteobacteria;Betaproteobacteriales;Burkholderiaceae;Massilia"
"OTU220","Bacteria;Firmicutes","Bacteria;Firmicutes;Bacilli","Bacteria;Firmicutes;Bacilli;Bacillales;Bacillaceae;Bacillus"
"OTU221","Bacteria;Proteobacteria","Bacteria;Proteobacteria;Alphaproteobacteria","Bacteria;Proteobacteria;Alphaproteobacteria;Rhodobacterales;Rhodobacteraceae;Rhodobacter"
"OTU222","Bacteria;Proteobacteria","Bacteria;Proteobacteria;Gammaproteobacteria","Bacteria;Proteobacteria;Gammaproteobacteria;Betaproteobacteriales;NA;NA"
"OTU223","Bacteria;Firmicutes","Bacteria;Firmicutes;Bacilli","Bacteria;Firmicutes;Bacilli;Bacillales;Bacillaceae;Bacillus"
"OTU224","Bacteria;Firmicutes","Bacteria;Firmicutes;Bacilli","Bacteria;Firmicutes;Bacilli;Bacillales;Paenibacillaceae;Paenibacillus"
"OTU225","Bacteria;Bacteroidetes","Bacteria;Bacteroidetes;Bacteroidia","Bacteria;Bacteroidetes;Bacteroidia;Cytophagales;Spirosomaceae;NA"
"OTU226","Bacteria;Proteobacteria","Bacteria;Proteobacteria;Gammaproteobacteria","Bacteria;Proteobacteria;Gammaproteobacteria;Pseudomonadales;Pseudomonadaceae;Pseudomonas"
"OTU227","Bacteria;Proteobacteria","Bacteria;Proteobacteria;Gammaproteobacteria","Bacteria;Proteobacteria;Gammaproteobacteria;Aeromonadales;Aeromonadaceae;Tolumonas"
"OTU228","Bacteria;Proteobacteria","Bacteria;Proteobacteria;Gammaproteobacteria","Bacteria;Proteobacteria;Gammaproteobacteria;Betaproteobacteriales;Burkholderiaceae;Pelomonas"
"OTU229","Bacteria;Proteobacteria","Bacteria;Proteobacteria;Deltaproteobacteria","Bacteria;Proteobacteria;Deltaproteobacteria;Myxococcales;P3OB-42;NA"
"OTU230","Bacteria;Proteobacteria","Bacteria;Proteobacteria;Alphaproteobacteria","Bacteria;Proteobacteria;Alphaproteobacteria;Micavibrionales;uncultured;NA"
"OTU231","Bacteria;Proteobacteria","Bacteria;Proteobacteria;Gammaproteobacteria","Bacteria;Proteobacteria;Gammaproteobacteria;Enterobacteriales;Enterobacteriaceae;Cronobacter"
"OTU232","Bacteria;Firmicutes","Bacteria;Firmicutes;Clostridia","Bacteria;Firmicutes;Clostridia;Clostridiales;Clostridiaceae 1;Clostridium sensu stricto 10"
"OTU233","Bacteria;Firmicutes","Bacteria;Firmicutes;Clostridia","Bacteria;Firmicutes;Clostridia;Clostridiales;Peptostreptococcaceae;Paraclostridium"
"OTU234","Bacteria;Verrucomicrobia","Bacteria;Verrucomicrobia;Verrucomicrobiae","Bacteria;Verrucomicrobia;Verrucomicrobiae;Verrucomicrobiales;Verrucomicrobiaceae;NA"
"OTU235","Bacteria;Bacteroidetes","Bacteria;Bacteroidetes;Bacteroidia","Bacteria;Bacteroidetes;Bacteroidia;Sphingobacteriales;env.OPS 17;NA"
"OTU236","Bacteria;Gemmatimonadetes","Bacteria;Gemmatimonadetes;Gemmatimonadetes","Bacteria;Gemmatimonadetes;Gemmatimonadetes;Gemmatimonadales;Gemmatimonadaceae;Gemmatimonas"
"OTU237","Bacteria;Proteobacteria","Bacteria;Proteobacteria;Deltaproteobacteria","Bacteria;Proteobacteria;Deltaproteobacteria;Bdellovibrionales;Bacteriovoracaceae;Bacteriovorax"
"OTU238","Bacteria;Armatimonadetes","Bacteria;Armatimonadetes;Fimbriimonadia","Bacteria;Armatimonadetes;Fimbriimonadia;Fimbriimonadales;Fimbriimonadaceae;NA"
"OTU239","Bacteria;Proteobacteria","Bacteria;Proteobacteria;Gammaproteobacteria","Bacteria;Proteobacteria;Gammaproteobacteria;Xanthomonadales;Rhodanobacteraceae;Dyella"
"OTU240","Bacteria;Actinobacteria","Bacteria;Actinobacteria;Actinobacteria","Bacteria;Actinobacteria;Actinobacteria;Frankiales;Frankiaceae;Jatrophihabitans"
"OTU241","Bacteria;Firmicutes","Bacteria;Firmicutes;Bacilli","Bacteria;Firmicutes;Bacilli;Bacillales;Staphylococcaceae;Macrococcus"
"OTU242","Bacteria;Proteobacteria","Bacteria;Proteobacteria;Deltaproteobacteria","Bacteria;Proteobacteria;Deltaproteobacteria;Bdellovibrionales;Bdellovibrionaceae;Bdellovibrio"
"OTU243","Bacteria;Verrucomicrobia","Bacteria;Verrucomicrobia;Verrucomicrobiae","Bacteria;Verrucomicrobia;Verrucomicrobiae;Verrucomicrobiales;Verrucomicrobiaceae;Verrucomicrobium"
"OTU244","Bacteria;Bacteroidetes","Bacteria;Bacteroidetes;Bacteroidia","Bacteria;Bacteroidetes;Bacteroidia;Bacteroidales;Bacteroidaceae;Bacteroides"
"OTU245","Bacteria;Patescibacteria","Bacteria;Patescibacteria;Saccharimonadia","Bacteria;Patescibacteria;Saccharimonadia;Saccharimonadales;NA;NA"
"OTU246","Bacteria;Proteobacteria","Bacteria;Proteobacteria;Alphaproteobacteria","Bacteria;Proteobacteria;Alphaproteobacteria;Rhizobiales;NA;NA"
"OTU247","Bacteria;Proteobacteria","Bacteria;Proteobacteria;Gammaproteobacteria","Bacteria;Proteobacteria;Gammaproteobacteria;Betaproteobacteriales;Burkholderiaceae;Curvibacter"
"OTU248","Bacteria;Firmicutes","Bacteria;Firmicutes;Bacilli","Bacteria;Firmicutes;Bacilli;Bacillales;Paenibacillaceae;Paenibacillus"
"OTU249","Bacteria;Proteobacteria","Bacteria;Proteobacteria;Gammaproteobacteria","Bacteria;Proteobacteria;Gammaproteobacteria;Betaproteobacteriales;Rhodocyclaceae;Dechloromonas"
"OTU250","Bacteria;Bacteroidetes","Bacteria;Bacteroidetes;Bacteroidia","Bacteria;Bacteroidetes;Bacteroidia;Chitinophagales;Chitinophagaceae;NA"
"OTU251","Bacteria;Proteobacteria","Bacteria;Proteobacteria;Deltaproteobacteria","Bacteria;Proteobacteria;Deltaproteobacteria;Myxococcales;P3OB-42;NA"
"OTU252","Bacteria;Bacteroidetes","Bacteria;Bacteroidetes;Bacteroidia","Bacteria;Bacteroidetes;Bacteroidia;Sphingobacteriales;env.OPS 17;NA"
"OTU253","Bacteria;Proteobacteria","Bacteria;Proteobacteria;Gammaproteobacteria","Bacteria;Proteobacteria;Gammaproteobacteria;Betaproteobacteriales;Burkholderiaceae;Schlegelella"
"OTU254","Bacteria;Chloroflexi","Bacteria;Chloroflexi;Anaerolineae","Bacteria;Chloroflexi;Anaerolineae;Anaerolineales;Anaerolineaceae;RBG-16-58-14"
"OTU255","Bacteria;Proteobacteria","Bacteria;Proteobacteria;Alphaproteobacteria","Bacteria;Proteobacteria;Alphaproteobacteria;Rhizobiales;Xanthobacteraceae;Bradyrhizobium"
"OTU256","Bacteria;Gemmatimonadetes","Bacteria;Gemmatimonadetes;Gemmatimonadetes","Bacteria;Gemmatimonadetes;Gemmatimonadetes;Gemmatimonadales;Gemmatimonadaceae;uncultured"
